[
  {
    "Id": "44923",
    "Title": "Failing unit test when Culture is nb-NO",
    "LatestDate": "2009-01-23T05:33:20.807-08:00"
  },
  {
    "Id": "46186",
    "Title": "Custom Mapping Inline",
    "LatestDate": "2009-02-06T21:20:23.87-08:00"
  },
  {
    "Id": "46565",
    "Title": "Call a method on the new class before mapping",
    "LatestDate": "2009-02-10T18:53:37.523-08:00"
  },
  {
    "Id": "46587",
    "Title": "Applying validation",
    "LatestDate": "2009-02-08T20:46:05.693-08:00"
  },
  {
    "Id": "46980",
    "Title": "Global ignore filter",
    "LatestDate": "2009-02-13T08:40:47.697-08:00"
  },
  {
    "Id": "46981",
    "Title": "What is the best way to setup the mapping",
    "LatestDate": "2009-02-13T06:15:30.557-08:00"
  },
  {
    "Id": "48157",
    "Title": "Parent-Child mapping",
    "LatestDate": "2009-02-22T13:37:28.503-08:00"
  },
  {
    "Id": "48160",
    "Title": "Discussion threads home is on Google Groups",
    "LatestDate": "2009-02-22T13:50:02.5-08:00"
  }
]