[
  {
    "Id": "160697",
    "ThreadId": "48157",
    "Html": "I'm not sure which discussion area is the most current, so I'm cross posting a topic I started over on the Google Groups list. The link to it is here:<br>\r\n<br>\r\n<a href=\"http://groups.google.com/group/automapper-users/browse_thread/thread/77c5dea9bf37627c\">http://groups.google.com/group/automapper-users/browse_thread/thread/77c5dea9bf37627c</a><br>\r\n<br>\r\n-cg <br>\r\n<br>\r\n<br>\r\n",
    "PostedDate": "2009-02-22T13:37:28.503-08:00",
    "UserRole": null,
    "MarkedAsAnswerDate": null
  }
]