[
  {
    "Id": "160700",
    "ThreadId": "48160",
    "Html": "Hello,<div><br></div><div>Since the question of &quot;where to put discussions&quot; has come up a couple of times, and obviously two places is confusing, the official home for AutoMapper discussions is the Google Group:</div><div><br></div><div><a href=\"http://groups.google.com/group/automapper-users\">http://groups.google.com/group/automapper-users</a><br></div><div><br></div><div>I'll still answer any questions here.</div><div><br></div><div>Thanks!</div><div><br></div><div>Jimmy</div>",
    "PostedDate": "2009-02-22T13:50:02.5-08:00",
    "UserRole": "Coordinator",
    "MarkedAsAnswerDate": null
  }
]