{
  "WorkItem": {
    "AffectedComponent": {
      "Name": "",
      "DisplayName": ""
    },
    "ClosedComment": "All issues moved to GitHub https&#58;&#47;&#47;github.com&#47;AutoMapper&#47;AutoMapper&#47;issues",
    "ClosedDate": "2011-09-02T15:46:10.4-07:00",
    "CommentCount": 0,
    "Custom": null,
    "Description": "When mapping from a data reader, AutoMapper throws a NullReferenceException from DataReaderMapper.MapPropertyValues when the mapping isn't registered. It should instead throw a helpful \"Missing type map configuration or unsupported mapping\" message exception. Test case attached to reproduce the bug.",
    "LastUpdatedDate": "2013-05-16T04:58:55.017-07:00",
    "PlannedForRelease": "",
    "ReleaseVisibleToPublic": false,
    "Priority": {
      "Name": "Low",
      "Severity": 50,
      "Id": 1
    },
    "ProjectName": "AutoMapper",
    "ReportedDate": "2011-08-12T09:07:07.893-07:00",
    "Status": {
      "Name": "Closed",
      "Id": 4
    },
    "ReasonClosed": {
      "Name": "Unassigned"
    },
    "Summary": "NullReferenceException in DataReaderMapper.MapPropertyValues()",
    "Type": {
      "Name": "Issue",
      "Id": 3
    },
    "VoteCount": 1,
    "Id": 7052
  },
  "FileAttachments": [
    {
      "FileId": 2575,
      "FileName": "AutoMapperBug.cs",
      "DownloadUrl": ".\\2575"
    }
  ],
  "Comments": [
    {
      "Message": "Nearly forgot - happening in AutoMapper version 1.1.0.188.",
      "PostedDate": "2011-08-12T09:08:05.17-07:00",
      "Id": -2147483648
    },
    {
      "Message": "",
      "PostedDate": "2011-09-02T15:46:10.4-07:00",
      "Id": -2147483648
    },
    {
      "Message": "",
      "PostedDate": "2013-02-21T17:49:11.863-08:00",
      "Id": -2147483648
    },
    {
      "Message": "",
      "PostedDate": "2013-05-16T04:58:55.017-07:00",
      "Id": -2147483648
    }
  ]
}