{
  "WorkItem": {
    "AffectedComponent": {
      "Name": "",
      "DisplayName": ""
    },
    "ClosedComment": "All issues moved to GitHub https&#58;&#47;&#47;github.com&#47;AutoMapper&#47;AutoMapper&#47;issues",
    "ClosedDate": "2011-09-02T15:46:51.33-07:00",
    "CommentCount": 0,
    "Custom": null,
    "Description": "For whatever reason, when I try to map a datareader/datarecord to an object, even if I specify a constructor to use (ConstructUsing), the specified constructor method is never called whether it's a specified constructor or some other factory method.\n \nI have attached tests that should be self explanatory.\n \nAm I just using the method wrong?",
    "LastUpdatedDate": "2013-05-16T04:58:57.01-07:00",
    "PlannedForRelease": "",
    "ReleaseVisibleToPublic": false,
    "Priority": {
      "Name": "Low",
      "Severity": 50,
      "Id": 1
    },
    "ProjectName": "AutoMapper",
    "ReportedDate": "2011-04-14T18:33:18.463-07:00",
    "Status": {
      "Name": "Closed",
      "Id": 4
    },
    "ReasonClosed": {
      "Name": "Unassigned"
    },
    "Summary": "ConstructUsing does not properly construct object when using a DataReader",
    "Type": {
      "Name": "Issue",
      "Id": 3
    },
    "VoteCount": 1,
    "Id": 6491
  },
  "FileAttachments": [
    {
      "FileId": 2370,
      "FileName": "AutoMapperTests.cs",
      "DownloadUrl": ".\\2370"
    }
  ],
  "Comments": []
}