{
  "WorkItem": {
    "AffectedComponent": {
      "Name": "",
      "DisplayName": ""
    },
    "ClosedComment": "All issues moved to GitHub https&#58;&#47;&#47;github.com&#47;AutoMapper&#47;AutoMapper&#47;issues",
    "ClosedDate": "2011-09-02T15:47:17.283-07:00",
    "CommentCount": 0,
    "Custom": null,
    "Description": "I am not able to use AutoMapper 1.1 RTW in Visual Studio 2010, version 1.0 however works fine.\n \nAnyone else experiencing this?",
    "LastUpdatedDate": "2013-05-16T04:59:00.687-07:00",
    "PlannedForRelease": "",
    "ReleaseVisibleToPublic": false,
    "Priority": {
      "Name": "Low",
      "Severity": 50,
      "Id": 1
    },
    "ProjectName": "AutoMapper",
    "ReportedDate": "2010-09-15T23:03:54.977-07:00",
    "Status": {
      "Name": "Closed",
      "Id": 4
    },
    "ReasonClosed": {
      "Name": "Unassigned"
    },
    "Summary": "AutoMapper 1.1 RTW and Visual Studio 2010",
    "Type": {
      "Name": "Issue",
      "Id": 3
    },
    "VoteCount": 1,
    "Id": 5592
  },
  "FileAttachments": [
    {
      "FileId": 2052,
      "FileName": "AutoMapperEx.zip",
      "DownloadUrl": ".\\2052"
    }
  ],
  "Comments": [
    {
      "Message": "Hi,\r\nWorks for me in an ASP.Net MVC 2 website in VS 2010.\r\nWhat exactly is the error you get?\r\n\r\nThanks\r\n",
      "PostedDate": "2010-10-10T03:56:44.13-07:00",
      "Id": -2147483648
    },
    {
      "Message": "",
      "PostedDate": "2010-10-10T23:11:35.49-07:00",
      "Id": -2147483648
    },
    {
      "Message": "Hi,\r\n\r\nthe error I get is:\r\n\r\n\"The type or namespace name 'AutoMapper' could not be found (are you missing a using directive or an assembly reference?)\"\r\n\r\nThe answer to that question is no, I am referencing the AutoMapper.dll and added a using statement.\r\n\r\nI am attaching a VS2010 project showing the problem.",
      "PostedDate": "2010-10-10T23:11:36.877-07:00",
      "Id": -2147483648
    },
    {
      "Message": "Also experience this issue.  Appears to work in an MVC project but I see the issue in a Class Library or a Console App project.  Any guidance would be appreciated.",
      "PostedDate": "2010-10-25T11:48:00.607-07:00",
      "Id": -2147483648
    },
    {
      "Message": "Fixed this. AutoMapper appears to require the full .NET target framework 4.0, not the Client Profile subset.  Changed this in the project settings and it's working correctly.",
      "PostedDate": "2010-10-26T09:54:54.07-07:00",
      "Id": -2147483648
    },
    {
      "Message": "I've verified your solution adrianwright, and you are correct. It seems that AutoMapper require the full .NET4 framework, however I think the developers have made a mistake here. Forcing me to use the full framework, when the rest of my application can cope with the Client Profile, just doesn't seem correct.",
      "PostedDate": "2010-10-26T12:58:30.263-07:00",
      "Id": -2147483648
    },
    {
      "Message": "APS.Net MCV has the target framework set to (full) .Net Framework 4.0. Try a Console app or class lib. By default both project template use the Client Profile. Work around: switch the target framework in your project property page to the Full .net framework 4.0.\r\n",
      "PostedDate": "2010-12-02T05:22:39.743-08:00",
      "Id": -2147483648
    },
    {
      "Message": "",
      "PostedDate": "2011-09-02T15:47:17.283-07:00",
      "Id": -2147483648
    },
    {
      "Message": "",
      "PostedDate": "2013-02-21T17:49:18.34-08:00",
      "Id": -2147483648
    },
    {
      "Message": "",
      "PostedDate": "2013-05-16T04:59:00.687-07:00",
      "Id": -2147483648
    }
  ]
}