{
  "WorkItem": {
    "AffectedComponent": {
      "Name": "",
      "DisplayName": ""
    },
    "ClosedComment": "All issues moved to GitHub https&#58;&#47;&#47;github.com&#47;AutoMapper&#47;AutoMapper&#47;issues",
    "ClosedDate": "2011-09-02T15:47:40.76-07:00",
    "CommentCount": 0,
    "Custom": null,
    "Description": "MapFrom return null and not invoke the mapper for the property when property value is null and AllowDestinationNullValues is false",
    "LastUpdatedDate": "2013-05-16T04:59:03.827-07:00",
    "PlannedForRelease": "",
    "ReleaseVisibleToPublic": false,
    "Priority": {
      "Name": "Low",
      "Severity": 50,
      "Id": 1
    },
    "ProjectName": "AutoMapper",
    "ReportedDate": "2010-04-30T10:24:23.403-07:00",
    "Status": {
      "Name": "Closed",
      "Id": 4
    },
    "ReasonClosed": {
      "Name": "Unassigned"
    },
    "Summary": "MapFrom return null when AllowDestinationNullValues is false",
    "Type": {
      "Name": "Issue",
      "Id": 3
    },
    "VoteCount": 1,
    "Id": 4346
  },
  "FileAttachments": [],
  "Comments": []
}