{
  "WorkItem": {
    "AffectedComponent": {
      "Name": "",
      "DisplayName": ""
    },
    "ClosedComment": "Closed.",
    "ClosedDate": "2009-09-13T11:27:56.677-07:00",
    "CommentCount": 0,
    "Custom": null,
    "Description": "Adding computed, read-only properties to the destination mapping type and not explicitly .ForMember(m => m.ReadOnlyProperty, p=> p.Ignore()) -ing them throws a superfluous AutoMapperConfigurationException saying that these properties are not mapped.  Seeing as how it is impossible to map to read-only properties, AutoMapper should check this first before throwing this exception.\n \nAlso, an AssertConfigurationIsValid that only validates Profile configurations would be immensely useful.  When testing and refactoring my own code, I don't want to be responsible for validating other team members' potentially invalid AutoMapper Profiles.",
    "LastUpdatedDate": "2013-05-16T04:59:07.12-07:00",
    "PlannedForRelease": "",
    "ReleaseVisibleToPublic": false,
    "Priority": {
      "Name": "Low",
      "Severity": 50,
      "Id": 1
    },
    "ProjectName": "AutoMapper",
    "ReportedDate": "2009-08-14T07:13:08.13-07:00",
    "Status": {
      "Name": "Closed",
      "Id": 4
    },
    "ReasonClosed": {
      "Name": "Unassigned"
    },
    "Summary": "AssertConfigurationIsValid fails to auto-ignore read-only properties",
    "Type": {
      "Name": "Issue",
      "Id": 3
    },
    "VoteCount": 1,
    "Id": 2436
  },
  "FileAttachments": [],
  "Comments": [
    {
      "Message": "This one's fixed in R120 - both the configuration validation and the ability to validate individual profiles.\r\n\r\n\n\n** Closed by jbogard 8/15/2009 5:12 PM",
      "PostedDate": "2009-08-27T08:39:45.007-07:00",
      "Id": -2147483648
    },
    {
      "Message": "I updated to the latest SVN HEAD as of 8/27/2009 10:00AM CST. Read-only properties on the target class are still causing validation errors when calling AssertConfigurationIsValid on the profile. Read-only properties cannot be mapped to and should be ignored in the validation.",
      "PostedDate": "2009-08-27T08:39:45.65-07:00",
      "Id": -2147483648
    },
    {
      "Message": "Oh actually nevermind. I was checking the LINQ-to-SQL generated foreign key relationship properties that shouldn't be mapped to, not the read-only properties I have. My mistake! The issue is closed. Thanks for the per-profile validation btw! Works great :)",
      "PostedDate": "2009-08-27T09:08:47.1-07:00",
      "Id": -2147483648
    },
    {
      "Message": "",
      "PostedDate": "2009-09-13T11:27:56.677-07:00",
      "Id": -2147483648
    },
    {
      "Message": "",
      "PostedDate": "2013-02-21T17:49:26.13-08:00",
      "Id": -2147483648
    },
    {
      "Message": "",
      "PostedDate": "2013-05-16T04:59:07.12-07:00",
      "Id": -2147483648
    }
  ]
}