{
  "WorkItem": {
    "AffectedComponent": {
      "Name": "",
      "DisplayName": ""
    },
    "ClosedComment": "You can now use the RecognizePrefixes method",
    "ClosedDate": "2010-03-20T19:46:30.177-07:00",
    "CommentCount": 0,
    "Custom": null,
    "Description": "I have dtos in my database with member names like ProjectCode and ProjectName. I need to map those to the destination members Code and Name.\nI would like to instruct AutoMapper to also look for prefixed source members, and I want to specify the prefix once for the whole map.",
    "LastUpdatedDate": "2013-05-16T04:59:06.733-07:00",
    "PlannedForRelease": "",
    "ReleaseVisibleToPublic": false,
    "Priority": {
      "Name": "Low",
      "Severity": 50,
      "Id": 1
    },
    "ProjectName": "AutoMapper",
    "ReportedDate": "2009-11-01T08:35:10.253-08:00",
    "Status": {
      "Name": "Closed",
      "Id": 4
    },
    "ReasonClosed": {
      "Name": "Unassigned"
    },
    "Summary": "Mapping source member by convention / prefix",
    "Type": {
      "Name": "Issue",
      "Id": 3
    },
    "VoteCount": 1,
    "Id": 3220
  },
  "FileAttachments": [],
  "Comments": []
}