{
  "WorkItem": {
    "AffectedComponent": {
      "Name": "",
      "DisplayName": ""
    },
    "ClosedComment": "Yes, AutoMapper works with all built-in collection types, including arrays, lists, collections, dictionaries, etc.",
    "ClosedDate": "2010-07-24T14:21:03.973-07:00",
    "CommentCount": 0,
    "Custom": null,
    "Description": "Hi,\n \nI would like to know how the automapper will work for properties with ILIST\n \nCan this be converted to DTO including the ILIST property\n \npublic class customer\n \n{\n \nPublic CustomerID{ get; set;}\n \nPublic ILIST<ORDER> Orders{get; set;}\n \n}\n \nRegards\n \nSushil N",
    "LastUpdatedDate": "2013-05-16T04:59:02.06-07:00",
    "PlannedForRelease": "",
    "ReleaseVisibleToPublic": false,
    "Priority": {
      "Name": "Low",
      "Severity": 50,
      "Id": 1
    },
    "ProjectName": "AutoMapper",
    "ReportedDate": "2010-07-17T01:42:36.367-07:00",
    "Status": {
      "Name": "Closed",
      "Id": 4
    },
    "ReasonClosed": {
      "Name": "Unassigned"
    },
    "Summary": "Mapping ILIST within the Object",
    "Type": {
      "Name": "Issue",
      "Id": 3
    },
    "VoteCount": 1,
    "Id": 5163
  },
  "FileAttachments": [],
  "Comments": []
}