{
  "WorkItem": {
    "AffectedComponent": {
      "Name": "",
      "DisplayName": ""
    },
    "ClosedComment": "Fixed in R51",
    "ClosedDate": "2009-04-04T14:58:24.327-07:00",
    "CommentCount": 0,
    "Custom": null,
    "Description": "Described here\nhttp://groups.google.com/group/automapper-users/browse_thread/thread/264af18581a37911",
    "LastUpdatedDate": "2013-05-16T04:59:08.203-07:00",
    "PlannedForRelease": "",
    "ReleaseVisibleToPublic": false,
    "Priority": {
      "Name": "Low",
      "Severity": 50,
      "Id": 1
    },
    "ProjectName": "AutoMapper",
    "ReportedDate": "2009-04-03T22:47:25.837-07:00",
    "Status": {
      "Name": "Closed",
      "Id": 4
    },
    "ReasonClosed": {
      "Name": "Unassigned"
    },
    "Summary": "Mapping concrete to interface, exception",
    "Type": {
      "Name": "Issue",
      "Id": 3
    },
    "VoteCount": 1,
    "Id": 1493
  },
  "FileAttachments": [
    {
      "FileId": 499,
      "FileName": "AutoMapper.Demo.zip",
      "DownloadUrl": ".\\499"
    }
  ],
  "Comments": []
}