{
  "WorkItem": {
    "AffectedComponent": {
      "Name": "",
      "DisplayName": ""
    },
    "ClosedComment": "All issues moved to GitHub https&#58;&#47;&#47;github.com&#47;AutoMapper&#47;AutoMapper&#47;issues",
    "ClosedDate": "2011-09-02T15:47:05.22-07:00",
    "CommentCount": 0,
    "Custom": null,
    "Description": "I am not sure if this is even possible but I would like to have access to the destination object from the MapFrom method. Currently you only have access to the src object so I have to set the mapping value twice.\n \nI know it sounds odd but here is an example:\n \nMapper.CreateMap<Transfer, TransferDto>()\n\t.ForMember(dest => dest.ElectedDateFormatted, opt => opt.MapFrom(src => Utils.FormatDateToString(src.ElectedDate, \"MM/dd/yyyy\")))\n\t.ForMember(dest => dest.ExpirationMonthFormatted, opt => opt.MapFrom(src => Utils.FormatDateToString(src.ExpirationMonth, \"MM/yyyy\")))\n\t.ForMember(dest => dest.CreatedDateFormatted, opt => opt.MapFrom(src => Utils.FormatDateToString(src.CreatedDate, \"MM/dd/yyyy h:mm:ss tt\")))\n\t.ForMember(dest => dest.EffectiveMonthFormatted, opt => opt.MapFrom(src => Utils.FormatDateToString(src.EffectiveMonth, \"MM/yyyy\")))\n\t.ForMember(dest => dest.fields, opt => opt.MapFrom(src =>\n\t{\n\t\tvar advancedSelectFields = new List<AdvancedSelectField>();\n\t\tif (src.ShowEffectiveMonthRange)\n\t\t{\n\t \t    advancedSelectFields.Add(new AdvancedSelectField(\"Eff Mth\", Utils.FormatDateToString(src.EffectiveMonth, \"MM/yyyy\"))); //<--- this is where I want access to the dest property \"dest.EffectiveMonthFormatted\" that I had already mapped above.\n\t\t    advancedSelectFields.Add(new AdvancedSelectField(\"Exp Mth\", Utils.FormatDateToString(src.ExpirationMonth, \"MM/yyyy\")));//<--- this is where I want access to the dest property \"dest.ExpirationMonthFormatted\" that I had already mapped above.\n\t\t}\n\t\treturn advancedSelectFields;\n\t}\n));\n \nIs this feature possible to add?",
    "LastUpdatedDate": "2013-05-16T04:58:58.09-07:00",
    "PlannedForRelease": "",
    "ReleaseVisibleToPublic": false,
    "Priority": {
      "Name": "Low",
      "Severity": 50,
      "Id": 1
    },
    "ProjectName": "AutoMapper",
    "ReportedDate": "2011-03-10T08:29:13.66-08:00",
    "Status": {
      "Name": "Closed",
      "Id": 4
    },
    "ReasonClosed": {
      "Name": "Unassigned"
    },
    "Summary": "Access to Destination object within a MapFrom?",
    "Type": {
      "Name": "Issue",
      "Id": 3
    },
    "VoteCount": 1,
    "Id": 6306
  },
  "FileAttachments": [],
  "Comments": []
}