{
  "WorkItem": {
    "AffectedComponent": {
      "Name": "",
      "DisplayName": ""
    },
    "ClosedComment": "All issues moved to GitHub https&#58;&#47;&#47;github.com&#47;AutoMapper&#47;AutoMapper&#47;issues",
    "ClosedDate": "2011-09-02T15:47:01.497-07:00",
    "CommentCount": 0,
    "Custom": null,
    "Description": "Given this scenario:\n \npublic class Source\n{\n\tpublic int Int1 { get; set; }\n\tpublic string String1 { get; set; }\n\tpublic bool Bool1 { get; set; }\n}\n \npublic class Destination\n{\n\tpublic int Int1 { get; set; }\n\tpublic string String1 { get; set; }\n\tpublic bool Bool1 { get; set; }\n}\n \npublic class WrapperSource\n{\n\tpublic Source Source { get; set; }\n}\n \nFirst I configure the Source->Destination mapping as so:\nMapper.CreateMap<Source, Destination>();\n \nNow, I want to map WrapperSource to Destination. Since WrapperSource already has a Source object, I should be able to configure this mapping fairly easily via the ForAllMembers() method, like so:\nMapper.CreateMap<WrapperSource, Destination>()\n\t.ForAllMembers(opt => opt.MapFrom(src => src.Source));\n \nNo such luck. Logically, it seems like that should work but doesn't. :(",
    "LastUpdatedDate": "2013-05-16T04:58:57.683-07:00",
    "PlannedForRelease": "",
    "ReleaseVisibleToPublic": false,
    "Priority": {
      "Name": "Low",
      "Severity": 50,
      "Id": 1
    },
    "ProjectName": "AutoMapper",
    "ReportedDate": "2011-03-18T09:48:00.38-07:00",
    "Status": {
      "Name": "Closed",
      "Id": 4
    },
    "ReasonClosed": {
      "Name": "Unassigned"
    },
    "Summary": "ForAllMembers() bug where mapping config for Dest is already configured",
    "Type": {
      "Name": "Issue",
      "Id": 3
    },
    "VoteCount": 1,
    "Id": 6346
  },
  "FileAttachments": [],
  "Comments": []
}