{
  "WorkItem": {
    "AffectedComponent": {
      "Name": "",
      "DisplayName": ""
    },
    "ClosedComment": "All issues moved to GitHub https&#58;&#47;&#47;github.com&#47;AutoMapper&#47;AutoMapper&#47;issues",
    "ClosedDate": "2011-09-02T15:45:54.487-07:00",
    "CommentCount": 0,
    "Custom": null,
    "Description": "at least do XML comments.  your code deserves it.",
    "LastUpdatedDate": "2013-05-16T04:59:04.74-07:00",
    "PlannedForRelease": "",
    "ReleaseVisibleToPublic": false,
    "Priority": {
      "Name": "Low",
      "Severity": 50,
      "Id": 1
    },
    "ProjectName": "AutoMapper",
    "ReportedDate": "2010-03-03T11:44:09.25-08:00",
    "Status": {
      "Name": "Closed",
      "Id": 4
    },
    "ReasonClosed": {
      "Name": "Unassigned"
    },
    "Summary": "comment source code",
    "Type": {
      "Name": "Issue",
      "Id": 3
    },
    "VoteCount": 9,
    "Id": 4126
  },
  "FileAttachments": [],
  "Comments": [
    {
      "Message": "Would really help with documentation for using this library. ",
      "PostedDate": "2010-11-03T17:47:17.023-07:00",
      "Id": -2147483648
    },
    {
      "Message": "",
      "PostedDate": "2011-05-03T14:29:10.28-07:00",
      "Id": -2147483648
    },
    {
      "Message": "",
      "PostedDate": "2011-08-30T23:10:21.79-07:00",
      "Id": -2147483648
    },
    {
      "Message": "",
      "PostedDate": "2011-09-02T15:45:54.487-07:00",
      "Id": -2147483648
    },
    {
      "Message": "",
      "PostedDate": "2013-02-21T17:49:23.2-08:00",
      "Id": -2147483648
    },
    {
      "Message": "",
      "PostedDate": "2013-05-16T04:59:04.74-07:00",
      "Id": -2147483648
    }
  ]
}