{
  "WorkItem": {
    "AffectedComponent": {
      "Name": "",
      "DisplayName": ""
    },
    "ClosedComment": "All issues moved to GitHub https&#58;&#47;&#47;github.com&#47;AutoMapper&#47;AutoMapper&#47;issues",
    "ClosedDate": "2011-09-02T15:47:08.683-07:00",
    "CommentCount": 0,
    "Custom": null,
    "Description": "Hi\n \nI am having huge problems with this. I posted it on stackoverflow \n \nhttp://stackoverflow.com/questions/5208550/need-to-speed-up-automapper-it-takes-32-seconds-to-113-objects\n \nSee the link. I am posting code and it does not look good with this editor as can't find a code highlighter.",
    "LastUpdatedDate": "2013-05-16T04:58:58.22-07:00",
    "PlannedForRelease": "",
    "ReleaseVisibleToPublic": false,
    "Priority": {
      "Name": "Low",
      "Severity": 50,
      "Id": 1
    },
    "ProjectName": "AutoMapper",
    "ReportedDate": "2011-03-05T19:36:53.753-08:00",
    "Status": {
      "Name": "Closed",
      "Id": 4
    },
    "ReasonClosed": {
      "Name": "Unassigned"
    },
    "Summary": "Need to speed up automapper...Take 32 seconds to map 113 objects",
    "Type": {
      "Name": "Issue",
      "Id": 3
    },
    "VoteCount": 2,
    "Id": 6293
  },
  "FileAttachments": [],
  "Comments": []
}