{
  "WorkItem": {
    "AffectedComponent": {
      "Name": "",
      "DisplayName": ""
    },
    "ClosedComment": "All issues moved to GitHub https&#58;&#47;&#47;github.com&#47;AutoMapper&#47;AutoMapper&#47;issues",
    "ClosedDate": "2011-09-02T15:47:46.033-07:00",
    "CommentCount": 0,
    "Custom": null,
    "Description": "In some cases the type I'm mapping to may have private setters, and I might want to map my src to constructor parameters instead. \n1) Is that even advisable, and am I not thinking about this correctly\n2) How would I do that?\n \nThanks,\nJeff",
    "LastUpdatedDate": "2013-05-16T04:59:05.62-07:00",
    "PlannedForRelease": "",
    "ReleaseVisibleToPublic": false,
    "Priority": {
      "Name": "Low",
      "Severity": 50,
      "Id": 1
    },
    "ProjectName": "AutoMapper",
    "ReportedDate": "2010-02-10T09:43:38.353-08:00",
    "Status": {
      "Name": "Closed",
      "Id": 4
    },
    "ReasonClosed": {
      "Name": "Unassigned"
    },
    "Summary": "Map using constructor instead of properties",
    "Type": {
      "Name": "Issue",
      "Id": 3
    },
    "VoteCount": 2,
    "Id": 4025
  },
  "FileAttachments": [],
  "Comments": []
}