{
  "WorkItem": {
    "AffectedComponent": {
      "Name": "",
      "DisplayName": ""
    },
    "ClosedComment": "Supported in github master branch",
    "ClosedDate": "2011-05-06T21:52:27.277-07:00",
    "CommentCount": 0,
    "Custom": null,
    "Description": "We are planning to use Automapper in .NET Framework 4.0 (ASP.NET MVC 2.0). Does it support .NET Framework 4.0 yet on 64-bit enviornment?",
    "LastUpdatedDate": "2013-05-16T04:59:03.397-07:00",
    "PlannedForRelease": "",
    "ReleaseVisibleToPublic": false,
    "Priority": {
      "Name": "Low",
      "Severity": 50,
      "Id": 1
    },
    "ProjectName": "AutoMapper",
    "ReportedDate": "2010-05-17T09:04:29.397-07:00",
    "Status": {
      "Name": "Closed",
      "Id": 4
    },
    "ReasonClosed": {
      "Name": "Unassigned"
    },
    "Summary": ".NET Framework 4.0 Support",
    "Type": {
      "Name": "Issue",
      "Id": 3
    },
    "VoteCount": 5,
    "Id": 4656
  },
  "FileAttachments": [],
  "Comments": []
}