{
  "WorkItem": {
    "AffectedComponent": {
      "Name": "",
      "DisplayName": ""
    },
    "ClosedComment": "",
    "ClosedDate": null,
    "CommentCount": 0,
    "Custom": null,
    "Description": "AutoMapper and its issue tracking have moved to GitHub:\n \nhttps://github.com/AutoMapper/AutoMapper/issues\n \nCreate them there. I will not track anything on this site any more.",
    "LastUpdatedDate": "2013-02-21T17:49:10.71-08:00",
    "PlannedForRelease": "",
    "ReleaseVisibleToPublic": false,
    "Priority": {
      "Name": "Low",
      "Severity": 50,
      "Id": 1
    },
    "ProjectName": "AutoMapper",
    "ReportedDate": "2011-09-02T15:51:32.4-07:00",
    "Status": {
      "Name": "Proposed",
      "Id": 1
    },
    "ReasonClosed": {
      "Name": "Unassigned"
    },
    "Summary": "DO NOT CREATE ANY NEW WORK ITEMS - CREATE THEM ON GITHUB",
    "Type": {
      "Name": "Issue",
      "Id": 3
    },
    "VoteCount": 2,
    "Id": 7125
  },
  "FileAttachments": [],
  "Comments": []
}