{
  "WorkItem": {
    "AffectedComponent": {
      "Name": "",
      "DisplayName": ""
    },
    "ClosedComment": "All issues moved to GitHub https&#58;&#47;&#47;github.com&#47;AutoMapper&#47;AutoMapper&#47;issues",
    "ClosedDate": "2011-09-02T15:47:39.147-07:00",
    "CommentCount": 0,
    "Custom": null,
    "Description": "For mapping database side objects to dto objects, I am using auto mapper. these two kind of objects are in independent projects and the project witch contains dto objects has a reference to another project. I dont have any problem with mapping real objects to dtos. but in a special case ,the real object has some relations to the other objects and dto object should flatten it, then I have to use \"using Convert\" method, but it seems that this configuration wont work if I use it in dto project and I have to reconfigure it in the other project. how can I solve this prpoblem without reconfiguring mapping ?",
    "LastUpdatedDate": "2013-05-16T04:59:02.993-07:00",
    "PlannedForRelease": "",
    "ReleaseVisibleToPublic": false,
    "Priority": {
      "Name": "Low",
      "Severity": 50,
      "Id": 1
    },
    "ProjectName": "AutoMapper",
    "ReportedDate": "2010-06-06T11:29:35.887-07:00",
    "Status": {
      "Name": "Closed",
      "Id": 4
    },
    "ReasonClosed": {
      "Name": "Unassigned"
    },
    "Summary": "UsingConvert configuration dose not work",
    "Type": {
      "Name": "Issue",
      "Id": 3
    },
    "VoteCount": 1,
    "Id": 4838
  },
  "FileAttachments": [],
  "Comments": []
}