{
  "WorkItem": {
    "AffectedComponent": {
      "Name": "",
      "DisplayName": ""
    },
    "ClosedComment": "All issues moved to GitHub https&#58;&#47;&#47;github.com&#47;AutoMapper&#47;AutoMapper&#47;issues",
    "ClosedDate": "2011-09-02T15:47:44.177-07:00",
    "CommentCount": 0,
    "Custom": null,
    "Description": "Support implicit/explicit conversion operators, ideally without any extra configuration steps.  Support these in testing mappings as well.",
    "LastUpdatedDate": "2013-05-16T04:59:06.07-07:00",
    "PlannedForRelease": "",
    "ReleaseVisibleToPublic": false,
    "Priority": {
      "Name": "Low",
      "Severity": 50,
      "Id": 1
    },
    "ProjectName": "AutoMapper",
    "ReportedDate": "2010-01-07T05:49:50.163-08:00",
    "Status": {
      "Name": "Closed",
      "Id": 4
    },
    "ReasonClosed": {
      "Name": "Unassigned"
    },
    "Summary": "Support implicit/explicit conversion operators",
    "Type": {
      "Name": "Issue",
      "Id": 3
    },
    "VoteCount": 3,
    "Id": 3727
  },
  "FileAttachments": [],
  "Comments": [
    {
      "Message": "Presumably this refers to not being required to make calls to CreateMap<T>(S, D). I want to use this product but it seems unfortunate that you need to manually define maps when that could be calculated automatically the first time that a call is made to Map<T>.",
      "PostedDate": "2010-01-07T19:28:48.297-08:00",
      "Id": -2147483648
    },
    {
      "Message": "Patches are always welcome!  And as for waiting for the first time to call Map<T>, check out DynamicMap.  It creates the map the first time.  Of course, you lose configuration validation, which pretty much relegates that feature to anonymous types IMO.",
      "PostedDate": "2010-01-08T05:48:34.453-08:00",
      "Id": -2147483648
    },
    {
      "Message": "",
      "PostedDate": "2010-04-19T01:56:50.72-07:00",
      "Id": -2147483648
    },
    {
      "Message": "",
      "PostedDate": "2011-09-02T15:47:44.177-07:00",
      "Id": -2147483648
    },
    {
      "Message": "",
      "PostedDate": "2013-02-21T17:49:24.75-08:00",
      "Id": -2147483648
    },
    {
      "Message": "",
      "PostedDate": "2013-05-16T04:59:06.07-07:00",
      "Id": -2147483648
    }
  ]
}