{
  "WorkItem": {
    "AffectedComponent": {
      "Name": "",
      "DisplayName": ""
    },
    "ClosedComment": "All issues moved to GitHub https&#58;&#47;&#47;github.com&#47;AutoMapper&#47;AutoMapper&#47;issues",
    "ClosedDate": "2011-09-02T15:47:49.46-07:00",
    "CommentCount": 0,
    "Custom": null,
    "Description": "Changes in rev. 141 in Configuration.cs break nested mapping when base class is used. See attached unit test.",
    "LastUpdatedDate": "2013-05-16T04:59:05.787-07:00",
    "PlannedForRelease": "",
    "ReleaseVisibleToPublic": false,
    "Priority": {
      "Name": "Low",
      "Severity": 50,
      "Id": 1
    },
    "ProjectName": "AutoMapper",
    "ReportedDate": "2010-02-05T18:09:51.987-08:00",
    "Status": {
      "Name": "Closed",
      "Id": 4
    },
    "ReasonClosed": {
      "Name": "Unassigned"
    },
    "Summary": "Rev. 141 breaks nested mappings",
    "Type": {
      "Name": "Issue",
      "Id": 3
    },
    "VoteCount": 1,
    "Id": 3986
  },
  "FileAttachments": [
    {
      "FileId": 1453,
      "FileName": "NestedMappingBug.cs",
      "DownloadUrl": ".\\1453"
    }
  ],
  "Comments": []
}