{
  "WorkItem": {
    "AffectedComponent": {
      "Name": "",
      "DisplayName": ""
    },
    "ClosedComment": "Fixed in 1.0 RC1",
    "ClosedDate": "2009-10-20T09:46:21.697-07:00",
    "CommentCount": 0,
    "Custom": null,
    "Description": "I've made a CustomValueResolver:\n \n    public class ProductTemplateLineResolver : ValueResolver<int, OEProductLine>\n    {\n        protected override ProductLine ResolveCore(int source)\n        {\n           ProductLine oeProductLine = new ProductLine();\n            productLine.Id = source;\n            return productLine;\n        }\n    }\n \nand the compiler returned this error:\nWarning as Error: 'OE.Implementations.ProductTemplateLineResolver': base type 'AutoMapper.ValueResolver<int,PimTool.Services.OE.External.ProductLine>' is not CLS-compliant.\n \nCan you make this method CLS compiled,\n \nThank for your effort.\n \nSome helpfull links about CLS compliant:\n- http://msdn.microsoft.com/en-us/library/bhc3fa7f.aspx\n' http://www.devarticles.com/c/a/C-Sharp/Making-Your-Code-CLS-Compliant/",
    "LastUpdatedDate": "2013-05-16T04:59:06.99-07:00",
    "PlannedForRelease": "",
    "ReleaseVisibleToPublic": false,
    "Priority": {
      "Name": "Low",
      "Severity": 50,
      "Id": 1
    },
    "ProjectName": "AutoMapper",
    "ReportedDate": "2009-10-19T00:58:36.977-07:00",
    "Status": {
      "Name": "Closed",
      "Id": 4
    },
    "ReasonClosed": {
      "Name": "Unassigned"
    },
    "Summary": "CLS-compilant ValueResolver",
    "Type": {
      "Name": "Issue",
      "Id": 3
    },
    "VoteCount": 1,
    "Id": 3093
  },
  "FileAttachments": [],
  "Comments": [
    {
      "Message": "// Solved with help of CLSCompliant attribute [CLSCompliant(false)]\r\n\r\n[CLSCompliant(false)]\r\npublic class ProductTemplateLineResolver : ValueResolver<int, OEProductLine>\r\n{\r\nprotected override ProductLine ResolveCore(int source)\r\n{\r\nProductLine oeProductLine = new ProductLine();\r\nproductLine.Id = source;\r\nreturn productLine;\r\n}",
      "PostedDate": "2009-10-19T01:04:37.873-07:00",
      "Id": -2147483648
    },
    {
      "Message": "Which version of AutoMapper is this?  I've marked the entire assembly as CLS Compliant, without any issues.",
      "PostedDate": "2009-10-19T07:47:40.32-07:00",
      "Id": -2147483648
    },
    {
      "Message": "File states version 0.3.1.71",
      "PostedDate": "2009-10-19T22:04:54.93-07:00",
      "Id": -2147483648
    },
    {
      "Message": "Ah, that's something I fixed the 1.0 RC1 release, I marked the entire assembly as CLS compliant.  Try the latest downloadable version and let me know if it still doesn't work for you.",
      "PostedDate": "2009-10-20T05:35:46.257-07:00",
      "Id": -2147483648
    },
    {
      "Message": "It works,  :)\r\n\r\nThank you, \r\n\r\nI really appreciate all your hardwork and effort on Automapper, \r\n\r\nthanks againt to all contributors.",
      "PostedDate": "2009-10-20T06:31:37.437-07:00",
      "Id": -2147483648
    },
    {
      "Message": "",
      "PostedDate": "2009-10-20T09:46:21.697-07:00",
      "Id": -2147483648
    },
    {
      "Message": "",
      "PostedDate": "2013-02-21T17:49:25.967-08:00",
      "Id": -2147483648
    },
    {
      "Message": "",
      "PostedDate": "2013-05-16T04:59:06.99-07:00",
      "Id": -2147483648
    }
  ]
}