{
  "WorkItem": {
    "AffectedComponent": {
      "Name": "",
      "DisplayName": ""
    },
    "ClosedComment": "All issues moved to GitHub https&#58;&#47;&#47;github.com&#47;AutoMapper&#47;AutoMapper&#47;issues",
    "ClosedDate": "2011-09-02T15:47:07.03-07:00",
    "CommentCount": 0,
    "Custom": null,
    "Description": "How can I do the following mapping? \n \n    public class Source\n    {\n        public int id { get; set; }\n        public int value { get; set; }\n    }\n \n    public class Identifier\n    {\n        public int id { get; set; }\n    }\n \n    public class Destination\n    {\n        public Identifier identifier { get; set; }\n        public int value { get; set; }\n    }\n \nThe source code I'm trying to write \n \n            Mapper.CreateMap<Source, Destination>().\n                ForMember(d => d.identifier.id, opt => opt.MapFrom(s => s.id));\n \nbut this throws the aforementioned exception.\n \nThanks.\nRon M.",
    "LastUpdatedDate": "2013-05-16T04:58:59.847-07:00",
    "PlannedForRelease": "",
    "ReleaseVisibleToPublic": false,
    "Priority": {
      "Name": "Low",
      "Severity": 50,
      "Id": 1
    },
    "ProjectName": "AutoMapper",
    "ReportedDate": "2010-11-22T02:55:58.49-08:00",
    "Status": {
      "Name": "Closed",
      "Id": 4
    },
    "ReasonClosed": {
      "Name": "Unassigned"
    },
    "Summary": "\"must resolve to top-level member.\" mapping exception.",
    "Type": {
      "Name": "Issue",
      "Id": 3
    },
    "VoteCount": 2,
    "Id": 5835
  },
  "FileAttachments": [],
  "Comments": []
}