{
  "WorkItem": {
    "AffectedComponent": {
      "Name": "",
      "DisplayName": ""
    },
    "ClosedComment": "All issues moved to GitHub https&#58;&#47;&#47;github.com&#47;AutoMapper&#47;AutoMapper&#47;issues",
    "ClosedDate": "2011-09-02T15:46:22.763-07:00",
    "CommentCount": 0,
    "Custom": null,
    "Description": "I want to create a copy of an object so that I can edit the copy without affecting the original object. If everything is ok I copy the content of the copy to the original object. If aborted I just forget the copy and take the original object with its original values and references.\nI thought  \nMapper.CreateMap<TypeA, TypeA>()\nTypeA copy = Mapper.Map<TypeA, TypeA>( originalObject );\nwould do the job but after mapping copy and originalObject are the same/ have the same reference.\n \nIs it possible to configure somehow the mapping to do what I want? Or does somebody know a better/other way?",
    "LastUpdatedDate": "2013-05-16T04:58:55.473-07:00",
    "PlannedForRelease": "",
    "ReleaseVisibleToPublic": false,
    "Priority": {
      "Name": "Low",
      "Severity": 50,
      "Id": 1
    },
    "ProjectName": "AutoMapper",
    "ReportedDate": "2011-08-03T07:22:38.723-07:00",
    "Status": {
      "Name": "Closed",
      "Id": 4
    },
    "ReasonClosed": {
      "Name": "Unassigned"
    },
    "Summary": "Source equals dest type",
    "Type": {
      "Name": "Issue",
      "Id": 3
    },
    "VoteCount": 1,
    "Id": 6991
  },
  "FileAttachments": [],
  "Comments": []
}