{
  "WorkItem": {
    "AffectedComponent": {
      "Name": "",
      "DisplayName": ""
    },
    "ClosedComment": "All issues moved to GitHub https&#58;&#47;&#47;github.com&#47;AutoMapper&#47;AutoMapper&#47;issues",
    "ClosedDate": "2011-09-02T15:47:18.913-07:00",
    "CommentCount": 0,
    "Custom": null,
    "Description": "Hi,\nI encounter an issue with the result of TypeMap.GetSourceValueResolvers().\nI can cast the result to IMemberResolver, but it fails if I try to cast to IMemberGetter.\nI need to do that for reasons detailled here (http://stackoverflow.com/questions/3405149/how-to-find-the-source-property-based-on-the-name-of-a-flattened-property-with-au/4076840#4076840)\n \nIs there something special to do to be able to do that (implement something on my mapped objects for example) ?\n \nThank you very much",
    "LastUpdatedDate": "2013-05-16T04:58:59.71-07:00",
    "PlannedForRelease": "",
    "ReleaseVisibleToPublic": false,
    "Priority": {
      "Name": "Low",
      "Severity": 50,
      "Id": 1
    },
    "ProjectName": "AutoMapper",
    "ReportedDate": "2010-11-29T03:46:43.883-08:00",
    "Status": {
      "Name": "Closed",
      "Id": 4
    },
    "ReasonClosed": {
      "Name": "Unassigned"
    },
    "Summary": "GetSourceValueResolvers() result can't be cast to IMemberGetter",
    "Type": {
      "Name": "Issue",
      "Id": 3
    },
    "VoteCount": 1,
    "Id": 5876
  },
  "FileAttachments": [],
  "Comments": []
}