{
  "WorkItem": {
    "AffectedComponent": {
      "Name": "",
      "DisplayName": ""
    },
    "ClosedComment": "All issues moved to GitHub https&#58;&#47;&#47;github.com&#47;AutoMapper&#47;AutoMapper&#47;issues",
    "ClosedDate": "2011-09-02T15:46:33.27-07:00",
    "CommentCount": 0,
    "Custom": null,
    "Description": "The following unit test fails using AutoMapper 1.1.0.118\n \n \n    [TestFixture]\n    public class MappingToEntity\n    {\n        [TestFixtureSetUp]\n        public void SetUp()\n        {\n            Mapper.CreateMap<Source, Target>();\n        }\n \n        [Test]\n        public void TestMapping()\n        {\n            var source = new Source {Property = \"foo bar\"};\n            var target = Mapper.Map<Source, Target>(source);\n            Assert.That(target.GetProperty(), Is.EqualTo(source.Property) );\n        }\n    }\n \n    public class Source\n    {\n        public string Property { get; set; }\n    }\n \n    public class Target \n    {\n        private string property;\n        public string Property\n        {\n            set { property = value; }\n        }\n \n        public string GetProperty()\n        {\n            return property;\n        }\n    }",
    "LastUpdatedDate": "2013-05-16T04:58:55.807-07:00",
    "PlannedForRelease": "",
    "ReleaseVisibleToPublic": false,
    "Priority": {
      "Name": "Low",
      "Severity": 50,
      "Id": 1
    },
    "ProjectName": "AutoMapper",
    "ReportedDate": "2011-07-18T06:14:55.843-07:00",
    "Status": {
      "Name": "Closed",
      "Id": 4
    },
    "ReasonClosed": {
      "Name": "Unassigned"
    },
    "Summary": "Mapping to a Target Property Without a Getter Fails",
    "Type": {
      "Name": "Issue",
      "Id": 3
    },
    "VoteCount": 1,
    "Id": 6940
  },
  "FileAttachments": [],
  "Comments": []
}