{
  "WorkItem": {
    "AffectedComponent": {
      "Name": "",
      "DisplayName": ""
    },
    "ClosedComment": "This one&#39;s applied with 1.0.1.176.  It&#39;s in the Condition configuration method, as Ignore has different semantics for configuration validation.",
    "ClosedDate": "2010-03-20T17:42:58.6-07:00",
    "CommentCount": 0,
    "Custom": null,
    "Description": "I would like to ignore the primary key column when mapping between a DTO and a BO.\n \nMapper.CreateMap<FormEntryDto, FormEntry>()\n                .ForMember(x => x.FormEntryId, opt => opt.Ignore(y=>y.FormEntryId == Guid.Empty));\n \nI guess the functionality would be implemented very much like NullReplacementMethod. Once the functionality is in place you could do some really cool things, like only bind properties the user has permission to change.\n \nRegards\n  Taliesin",
    "LastUpdatedDate": "2013-05-16T04:59:06.333-07:00",
    "PlannedForRelease": "",
    "ReleaseVisibleToPublic": false,
    "Priority": {
      "Name": "Low",
      "Severity": 50,
      "Id": 1
    },
    "ProjectName": "AutoMapper",
    "ReportedDate": "2009-12-04T09:06:07.687-08:00",
    "Status": {
      "Name": "Closed",
      "Id": 4
    },
    "ReasonClosed": {
      "Name": "Unassigned"
    },
    "Summary": "Ignore a parameter based on an func expression parameter",
    "Type": {
      "Name": "Issue",
      "Id": 3
    },
    "VoteCount": 4,
    "Id": 3544
  },
  "FileAttachments": [],
  "Comments": []
}