[
  {
    "Title": "Home",
    "Id": "858644",
    "ParentWikiTitle": "Home",
    "FileExtension": "codeplexwiki",
    "UpdatedDate": "2014-05-08T06:15:22.11-07:00",
    "FileAttachments": []
  },
  {
    "Title": "Documentation",
    "Id": "468317",
    "ParentWikiTitle": "Documentation",
    "FileExtension": "codeplexwiki",
    "UpdatedDate": "2011-09-02T15:44:00.73-07:00",
    "FileAttachments": []
  },
  {
    "Title": "Roadmap",
    "Id": "213421",
    "ParentWikiTitle": "Home",
    "FileExtension": "codeplexwiki",
    "UpdatedDate": "2009-11-28T15:07:53.267-08:00",
    "FileAttachments": []
  },
  {
    "Title": "Getting Started",
    "Id": "202448",
    "ParentWikiTitle": "Home",
    "FileExtension": "codeplexwiki",
    "UpdatedDate": "2009-10-27T05:17:54.533-07:00",
    "FileAttachments": []
  },
  {
    "Title": "Custom Type Converters",
    "Id": "159347",
    "ParentWikiTitle": "Home",
    "FileExtension": "codeplexwiki",
    "UpdatedDate": "2009-05-05T18:49:09.703-07:00",
    "FileAttachments": []
  },
  {
    "Title": "Null Substitution",
    "Id": "149431",
    "ParentWikiTitle": "Home",
    "FileExtension": "codeplexwiki",
    "UpdatedDate": "2009-03-21T06:54:08.18-07:00",
    "FileAttachments": []
  },
  {
    "Title": "Custom Value Formatters",
    "Id": "149429",
    "ParentWikiTitle": "Home",
    "FileExtension": "codeplexwiki",
    "UpdatedDate": "2009-03-21T06:53:04.29-07:00",
    "FileAttachments": []
  },
  {
    "Title": "Custom Value Resolvers",
    "Id": "145905",
    "ParentWikiTitle": "Home",
    "FileExtension": "codeplexwiki",
    "UpdatedDate": "2009-03-05T20:29:20.377-08:00",
    "FileAttachments": []
  },
  {
    "Title": "Nested Mappings",
    "Id": "145624",
    "ParentWikiTitle": "Home",
    "FileExtension": "codeplexwiki",
    "UpdatedDate": "2009-03-04T17:09:56.623-08:00",
    "FileAttachments": []
  },
  {
    "Title": "Lists and Arrays",
    "Id": "143090",
    "ParentWikiTitle": "Home",
    "FileExtension": "codeplexwiki",
    "UpdatedDate": "2009-02-22T20:31:43.033-08:00",
    "FileAttachments": []
  },
  {
    "Title": "Configuration Validation",
    "Id": "143067",
    "ParentWikiTitle": "Home",
    "FileExtension": "codeplexwiki",
    "UpdatedDate": "2009-02-22T19:37:48.76-08:00",
    "FileAttachments": []
  },
  {
    "Title": "Projection",
    "Id": "142789",
    "ParentWikiTitle": "Home",
    "FileExtension": "codeplexwiki",
    "UpdatedDate": "2009-02-21T14:54:04.36-08:00",
    "FileAttachments": []
  },
  {
    "Title": "Flattening",
    "Id": "138109",
    "ParentWikiTitle": "Home",
    "FileExtension": "codeplexwiki",
    "UpdatedDate": "2009-02-01T13:29:12.683-08:00",
    "FileAttachments": []
  }
]
